호선,역명,상세주소 ,시,구,동,X좌표,Y좌표
9,언주,서울특별시 강남구 봉은사로 201 논현동,서울특별시,강남구,논현동,37.507287,127.033868
9,선정릉,서울특별시 강남구 선릉로 지하 580 삼성동,서울특별시,강남구,삼성동,37.51098,127.043593
9,삼성중앙,서울특별시 강남구 봉은사로 지하 501 삼성동,서울특별시,강남구,삼성동,37.513011,127.053282
9,봉은사,서울특별시 강남구 봉은사로 지하601 삼성동,서울특별시,강남구,삼성동,37.514219,127.060245
9,종합운동장,서울특별시 송파구 올림픽로 지하 23 잠실동,서울특별시,송파구,잠실동,37.510997,127.073642
9,개화,서울특별시 강서구 개화동로8길 19 개화동,서울특별시,강서구,개화동,37.578608,126.798153
9,공항시장,서울특별시 강서구 방화동로 지하30 공항동,서울특별시,강서구,공항동,37.563726,126.810678
9,신방화,서울특별시 강서구 방화대로 지하301 방화동,서울특별시,강서구,방화동,37.567532,126.816601
9,마곡나루,서울특별시 강서구 마곡중앙5로 지하2 마곡동 ,서울특별시,강서구,마곡동,37.567336,126.829497
9,가양,서울특별시 강서구 양천로 지하485 가양동,서울특별시,강서구,가양동,37.561391,126.854456
9,증미,서울특별시 강서구 양천로 지하560 등촌동,서울특별시,강서구,등촌동,37.557402,126.861939
9,등촌,서울특별시 강서구 공항대로 지하 529 등촌동,서울특별시,강서구,등촌동,37.550632,126.865689
9,신목동,서울특별시 양천구 목동중앙로 지하 217 목동,서울특별시,양천구,목동,37.544277,126.88308
9,선유도,서울특별시 영등포구 양평로 지하 124 양평동5가,서울특별시,영등포구,양평동5가,37.53802,126.893525
9,당산,서울특별시 영등포구 당산로 229 당산동6가,서울특별시,영등포구,당산동6가,37.53438,126.902281
9,여의도,서울특별시 영등포구 의사당대로 지하101 여의도동,서울특별시,영등포구,여의도동,37.521624,126.924191
9,샛강,서울특별시 영등포구 의사당대로 지하166 여의도동,서울특별시,영등포구,여의도동,37.517274,126.928422
9,노량진,서울특별시 동작구 노량진로 지하130 노량진동,서울특별시,동작구,노량진동,37.514219,126.942454
9,흑석,서울특별시 동작구 현충로 지하90 흑석동,서울특별시,동작구,흑석동,37.50877,126.963708
9,동작,서울특별시 동작구 현충로 지하220 동작동,서울특별시,동작구,동작동,37.502971,126.979306
9,구반포,서울특별시 서초구 신반포로 지하17 반포동,서울특별시,서초구,반포동,37.501364,126.987332
9,신반포,서울특별시 서초구 신반포로 지하105 반포동,서울특별시,서초구,반포동,37.503415,126.995925
9,고속터미널,서울특별시 서초구 신반포로 지하188 반포동,서울특별시,서초구,반포동,37.50481,127.004943
9,사평,서울특별시 서초구 사평대로 지하285 반포동,서울특별시,서초구,반포동,37.504206,127.015259
9,신논현,서울특별시 강남구 봉은사로 지하102 역삼동,서울특별시,강남구,역삼동,37.504598,127.02506
9,노들,서울특별시 동작구 노량진로 지하238 본동,서울특별시,동작구,본동,37.512887,126.953222
9,김포공항,서울특별시 강서구 하늘길 지하77  방화동,서울특별시,강서구,방화동,37.562434,126.801058
9,양천향교,서울특별시강서구 양천로 지하341 가양동,서울특별시,강서구,가양동,37.568381,126.841333
9,염창,서울특별시 강서구 공항대로 지하 631 염창동,서울특별시,강서구,염창동,37.546936,126.874916
9,국회의사당,서울특별시 영등포구 국회대로 지하 758 여의도동,서울특별시,영등포구,여의도동,37.528105,126.917874
B,수원,경기도 수원시 매산동,경기도,수원시,매산동,37.265974,126.999874
B,서울숲,서울특별시 성동구 성수동1가 656-436 ,서울특별시,성동구,성수동1가,37.543617,127.044707
B,압구정로데오,서울특별시 강남구 압구정동 495,서울특별시,강남구,압구정동,37.527381,127.040534
B,선정릉,서울특별시 강남구 삼성동 111-114,서울특별시,강남구,삼성동,37.51098,127.043593
B,가천대,경기도 성남시 수정구 태평동 7131 ,경기도,성남시 수정구,태평동,37.448605,127.126697
B,야탑,경기도 성남시 분당구 야탑동 488-1,경기도,성남시 분당구,야탑동,37.411185,127.128715
B,수내,경기도 성남시 분당구 수내동 13-4,경기도,성남시 분당구,수내동,37.378455,127.114322
B,정자,경기도 성남시 분당구 정자동 95-1?,경기도,성남시 분당구,정자동,37.36706,127.108105
B,오리,경기도 성남시 분당구 구미동 197-1?,경기도,성남시 분당구,구미동,37.339824,127.108942
B,이매,경기도 성남시 분당구 이매동 129-1?,경기도,성남시 분당구,이매동,37.396104,127.12827
B,죽전,경기도 용인시 수지구 죽전동 1286,경기도,용인시 수지구,죽전동,37.324753,127.107395
B,구성,경기도 용인시 기흥구 마북동 460-3,경기도,용인시 기흥구,마북동,37.298969,127.105664
B,기흥,경기도 용인시 기흥구 구갈동 227-25,경기도,용인시 기흥구,구갈동,37.275619,127.115936
B,상갈,경기도 용인시 기흥구 상갈동 463-4?,경기도,용인시 기흥구,상갈동,37.26181,127.108847
B,영통,경기도 수원시 영통구 영통동 1012-1,경기도,수원시 영통구,영통동,37.251568,127.071394
B,망포,경기도 수원시 영통구 영통동 1069?,경기도,수원시 영통구,영통동,37.245795,127.057353
B,수원시청,경기도 수원시 권선구 권선동 1122?,경기도,수원시 권선구,권선동,37.261911,127.030736
B,구룡,서울특별시 강남구 개포동 175-3,서울특별시,강남구,개포동,37.486839,127.058856
B,개포동,서울특별시 강남구 개포2동,서울특별시,강남구,개포동,37.489116,127.06614
B,대모산입구,서울특별시 강남구 일원2동,서울특별시,강남구,일원동,37.491373,127.07272
B,복정,서울특별시 송파구 장지동,서울특별시,송파구,장지동,37.470047,127.126662
B,왕십리,서울특별시 성동구 행당1동 246-2,서울특별시,성동구,행당동,37.561533,127.037732
B,강남구청,서울특별시 강남구 삼성동 111-44,서울특별시,강남구,삼성동,37.517186,127.04128
B,태평,경기도 성남시 수정구 수진동 4808,경기도,성남시 수정구,수진동,37.440019,127.127709
B,서현,경기도 성남시 분당구 서현동 263,경기도,성남시 분당구,서현동,37.385126,127.123592
B,미금,경기도 성남시 분당구 금곡동 222,경기도,성남시 분당구,금곡동,37.350077,127.10891
B,보정,경기도 용인시 기흥구 보정동 1285?,경기도,용인시 기흥구,보정동,37.312752,127.108196
B,신갈,경기도 용인시 기흥구 신갈동 167,경기도,용인시 기흥구,신갈동,37.286102,127.111313
B,청명,경기도 수원시 영통구 영통동 1055,경기도,수원시 영통구,영통동,37.259489,127.078934
B,매탄권선,경기도 수원시 영통구 매탄동 687-4?,경기도,수원시 영통구,매탄동,37.252759,127.040566
B,선릉,서울특별시 강남구 삼성동 172-66,서울특별시,강남구,삼성동,37.504503,127.049008
B,한티,서울특별시 강남구 대치동 1011-28,서울특별시,강남구,대치동,37.496237,127.052873
B,모란,경기도 성남시 수정구 수진동 4518?,경기도,성남시 수정구,수진동,37.43213,127.129087
B,매교,경기도 수원시 팔달구 매교동 283?,경기도,수원시 팔달구,매교동,37.265481,127.015678
B,도곡,서울특별시 강남구 도곡동 339-2?,서울특별시,강남구,도곡동,37.490858,127.055381
B,수서,서울특별시 강남구 수서동 728,서울특별시,강남구,수서동,37.487371,127.10188
E,강남대,경기도 용인시 기흥구 구갈동 480-42?,경기도,용인시 기흥구,구갈동,37.270161,127.126033
E,지석,경기도 용인시 기흥구 상하동 401-1?,경기도,용인시 기흥구,상하동,37.269606,127.136515
E,동백,경기도 용인시 기흥구 중동 1087,경기도,용인시 기흥구,중동,37.269043,127.152716
E,초당,경기도 용인시 기흥구 중동 1090,경기도,용인시 기흥구,중동,37.260752,127.159443
E,시청·용인대,경기도 용인시 처인구 삼가동 255-15,경기도,용인시 처인구,삼가동,37.239151,127.178406
E,명지대,경기도 용인시 처인구 역북동 484-10?,경기도,용인시 처인구,역북동,37.237964,127.190294
E,운동장·송담대,경기도 용인시 처인구 김량장동 144-6?,경기도,용인시 처인구,김량장동,37.237845,127.209198
E,고진,경기도 용인시 처인구 유방동 1029-8,경기도,용인시 처인구,유방동,37.24484,127.214251
E,둔전,경기도 용인시 처인구 포곡읍 둔전리 406-93,경기도,용인시 처인구,포곡읍,37.267051,127.21364
E,전대·에버랜드,경기도 용인시 처인구 포곡읍 전대리 192-38,경기도,용인시 처인구,포곡읍,37.285342,127.219561
E,기흥,경기도 용인시 기흥구 구갈동 227-25,경기도,용인시 기흥구,구갈동,37.275619,127.115936
E,어정,경기도 용인시 기흥구 상하동 620-50 ,경기도,용인시 기흥구,상하동,37.274917,127.143714
E,삼가,경기도 용인시 처인구 삼가동 499-1?,경기도,용인시 처인구,삼가동,37.242115,127.168075
E,김량장,경기도 용인시 처인구 김량장동 486-21?,경기도,용인시 처인구,김량장동,37.237247,127.198781
E,보평,경기도 용인시 처인구 유방동 276-1,경기도,용인시 처인구,유방동,37.258965,127.218457
G,광운대,서울특별시 노원구 월계동 85?,서울특별시,노원구,월계동,37.623632,127.061835
G,상봉,서울특별시 중랑구 상봉동 100-9,서울특별시,중랑구,상봉동,37.596362,127.085032
G,망우,서울특별시 중랑구 상봉1동,서울특별시,중랑구,상봉1동,37.59955,127.091909
G,갈매,경기도 구리시 갈매동,경기도,구리시,갈매동,37.634118,127.114757
G,별내,경기도 남양주시 별내동,경기도,남양주시,별내동,37.64202,127.12684
G,사릉,경기도 남양주시 진건읍 사능리?,경기도 ,남양주시,진건읍,37.65108,127.176933
G,금곡,경기도 남양주시 금곡동 404-276,경기도,남양주시,금곡동,37.637382,127.207853
G,천마산,경기도 남양주시 화도읍 묵현리 320-11,경기도,남양주시,화도읍,37.658978,127.285379
G,마석,경기도 남양주시 화도읍 마석우리 222-2,경기도,남양주시,화도읍,37.652782,127.311767
G,청평,경기도 가평군 청평면 청평리 174?,경기도,가평군,청평면,37.735488,127.42661
G,상천,경기도 가평군 청평면 상천리 1260-1,경기도,가평군,청평면,37.770246,127.454821
G,굴봉산,강원도 춘천시 남산면 백양리 588-30,강원도,춘천시,남산면,37.832067,127.557695
G,백양리,강원도 춘천시 남산면 강촌리,강원도,춘천시,남산면,37.830779,127.58933
G,남춘천,강원도 춘천시 퇴계동?,강원도,춘천시,퇴계동,37.864007,127.723792
G,김유정,강원도 춘천시 신동면 증리,강원도,춘천시,신동면,37.818466,127.71434
G,청량리,서울특별시 동대문구 전농동,서울특별시,동대문구,전농동,37.580178,127.046835
G,회기,서울특별시 동대문구 회기동?,서울특별시,동대문구,회기동,37.58946,127.057583
G,중랑,서울특별시 중랑구 중화2동,서울특별시,중랑구,중화동,37.594917,127.076116
G,신내,서울특별시 중랑구 망우본동,서울특별시,중랑구,망우동,37.612887,127.103218
G,퇴계원,경기도 남양주시 퇴계원면 퇴계원리,경기도,남양주시,퇴계원면,37.648311,127.143952
G,평내호평,경기도 남양주시 평내동 660,경기도,남양주시,평내동,37.653225,127.244493
G,대성리,경기도 가평군 청평면 대성리 393-3 ,경기도,가평군,청평면,37.684071,127.379319
G,가평,경기도 가평군 가평읍 달전리,경기도,가평군,가평읍,37.814536,127.510739
G,강촌,강원도 춘천시 남산면 방곡리,강원도,춘천시,남산면,37.805723,127.634146
G,춘천,강원도 춘천시 근화동,강원도,춘천시,근화,37.885054,127.717023
I,계양,인천광역시 계양구 귤현동 ,인천광역시,계양구,귤현동,37.571462,126.735637
I,박촌,인천광역시 계양구 박촌동 ,인천광역시,계양구,박촌동,37.553703,126.745077
I,임학,인천광역시 계양구 임학동,인천광역시,계양구,임학동,37.545059,126.738665
I,작전,인천광역시 계양구 작전동,인천광역시,계양구,작전동,37.530415,126.722527
I,갈산,인천광역시 부평구 청천동 ,인천광역시,부평구,청천동,37.517268,126.721514
I,부평구청,인천광역시 부평구 청천동 ,인천광역시,부평구,청천동,37.508336,126.720548
I,부평,인천광역시 부평구 부평동,인천광역시,부평구,부평동,37.489493,126.724805
I,동수,인천광역시 부평구 부평동,인천광역시,부평구,부평동,37.485312,126.718247
I,간석오거리,인천광역시 남동구 간석동,인천광역시,남동구,간석동,37.467048,126.707938
I,인천시청,인천광역시 남동구 간석동 ,인천광역시,남동구,간석동,37.457405,126.702221
I,예술회관,인천광역시 남동구 구월동,인천광역시,남동구,구월동,37.449396,126.701012
I,문학경기장,인천광역시 연수구 선학동,인천광역시,연수구,선학동,37.434935,126.698579
I,선학,인천광역시 연수구 선학동,인천광역시,연수구,선학동,37.426684,126.698863
I,신연수,인천광역시 연수구 선학동,인천광역시,연수구,선학동,37.41804,126.693863
I,동춘,인천광역시 연수구 동춘동,인천광역시,연수구,동춘동,37.404737,126.681015
I,동막,인천광역시 연수구 동춘동,인천광역시,연수구,동춘동,37.397878,126.674005
I,지식정보단지,인천광역시 연수구 송도동,인천광역시,연수구,송도동,37.378384,126.645168
I,인천대입구,인천광역시 연수구 송도동 ,인천광역시,연수구,송도동,37.386007,126.639484
I,국제업무지구,인천광역시 연수구 송도동,인천광역시,연수구,송도동,37.399907,126.630347
I,테크노파크,인천광역시 연수구 송도동 ,인천광역시,연수구,송도동,37.382268,126.656365
I,귤현,인천광역시 계양구 귤현동 ,인천광역시,계양구,귤현동,37.566379,126.742654
I,계산,인천광역시 계양구 계산동,인천광역시,계양구,계산동,37.543238,126.728128
I,경인교대입구,인천광역시 계양구 계산동,인천광역시,계양구,계산동,37.538157,126.722597
I,부평시장,인천광역시 부평구 부평동,인천광역시,부평구,부평동,37.498383,126.722244
I,부평삼거리,인천광역시 부평구 십정동 592,인천광역시,부평구,십정동,37.477679,126.710208
I,인천터미널,인천광역시 미추홀구 관교동,인천광역시,미추홀구,관교동,37.442383,126.699706
I,원인재,인천광역시 연수구 연수동,인천광역시,연수구,연수동,37.412603,126.687389
I,캠퍼스타운,인천광역시 연수구 송도동,인천광역시,연수구,송도동,37.387855,126.661673
I,센트럴파크,인천광역시 연수구 송도동,인천광역시,연수구,송도동,37.393054,126.634729
I2,검단오류,인천광역시 서구 오류동,인천광역시,서구,오류동,37.594877,126.627178
I2,왕길,인천광역시 서구 왕길동?,인천광역시,서구,왕길동?,37.59518,126.642696
I2,검단사거리,인천광역시 서구 왕길동,인천광역시,서구,왕길동,37.60185,126.657108
I2,마전,인천광역시 서구 마전동,인천광역시,서구,마전동,37.597566,126.666998
I2,완정,인천광역시 서구 당하동,인천광역시,서구,당하동,37.592928,126.673203
I2,독정,인천광역시 서구 백석동,인천광역시,서구,백석동,37.585212,126.675844
I2,검암,인천광역시 서구 검암동,인천광역시,서구,검암동,37.569104,126.673728
I2,검바위,인천광역시 서구 검암동,인천광역시,서구,검암동,37.561405,126.677566
I2,아시아드경기장,인천광역시 서구 연희동 ,인천광역시,서구,연희동,37.5517,126.677122
I2,서구청,인천광역시 서구 심곡동,인천광역시,서구,심곡동,37.543742,126.676787
I2,가정,인천광역시 서구 가정동,인천광역시,서구,가정동,37.524649,126.675539
I2,가정중앙시장,인천광역시 서구 가정동,인천광역시,서구,가정동,37.517054,126.676672
I2,석남,인천광역시 서구 석남동,인천광역시,서구,석남동,37.506193,126.676203
I2,서부여성회관,인천광역시 서구 석남동,인천광역시,서구,석남동,37.506193,126.676203
I2,인천가좌,인천광역시 서구 가좌동,인천광역시,서구,가좌동,37.4897,126.675208
I2,가재울,인천광역시 서구 가좌동,인천광역시,서구,가좌동,37.484192,126.683673
I2,주안국가산단,인천광역시 서구 가좌동,인천광역시,서구,가좌동,37.473703,126.68113
I2,주안,인천광역시 미추홀구 주안동,인천광역시,미추홀구,주안동,37.464941,126.679923
I2,시민공원,인천광역시 미추홀구 주안동,인천광역시,미추홀구,주안동,37.458335,126.681192
I2,석바위시장,인천광역시 미추홀구 주안동,인천광역시,미추홀구,주안동,37.457611,126.692575
I2,인천시청,인천광역시 남동구 간석동,인천광역시,남동구,간석동,37.457405,126.702221
I2,석천사거리,인천광역시 남동구 구월동,인천광역시,남동구,구월동,37.456805,126.709986
I2,모래내시장,인천광역시 남동구 구월동?,인천광역시,남동구,구월동?,37.45583,126.719298
I2,만수,인천광역시 남동구 만수동,인천광역시,남동구,만수동,37.454911,126.732094
I2,남동구청,인천광역시 남동구 만수동?,인천광역시,남동구,만수동?,37.448161,126.736939
I2,인천대공원,인천광역시 남동구 장수동,인천광역시,남동구,장수동,37.448769,126.752618
I2,운연,인천광역시 남동구 운연동,인천광역시,남동구,운연동,37.440127,126.75997
K,이촌,서울특별시 용산구 이촌동?,서울특별시,용산구,이촌동?,37.522272,126.974345
K,서빙고,서울특별시 용산구 서빙고동?,서울특별시,용산구,서빙고동?,37.519594,126.988537
K,한남,서울특별시 용산구 한남동,서울특별시,용산구,한남동,37.52943,127.009169
K,응봉,서울특별시 성동구 응봉동,서울특별시,성동구,응봉동,37.549946,127.034538
K,왕십리,서울특별시 성동구 행당동,서울특별시,성동구,행당동,37.561533,127.037732
K,일산,경기도 고양시 일산서구 일산동,경기도,고양시 일산서구,일산동,37.682077,126.769846
K,탄현,경기도 고양시 일산서구 탄현동,경기도,고양시 일산서구,탄현동,37.694023,126.761086
K,금릉,경기도 파주시 금촌2동,경기도,파주시,금촌2동,37.751322,126.765347
K,금촌,경기도 파주시 금촌동?,경기도,파주시,금촌동?,37.766217,126.774644
K,파주,경기도 파주시 파주읍 봉암리,경기도,파주시,파주읍,37.815298,126.792783
K,문산,경기도 파주시 문산읍 문산리,경기도,파주시,문산읍,37.854619,126.788047
K,회기,서울특별시 동대문구 회기동 ,서울특별시,동대문구,회기동,37.58946,127.057583
K,중랑,서울특별시 중랑구 중화2동,서울특별시,중랑구,중화2동,37.594917,127.076116
K,상봉,서울특별시 중랑구 상봉동,서울특별시,중랑구,상봉동,37.596362,127.085032
K,양원,서울특별시 중랑구 망우동,서울특별시,중랑구,망우동,37.606596,127.107906
K,구리,경기도 구리시 인창동,경기도,구리시,인창동,37.603392,127.143869
K,양정,경기도 남양주시 양정동,경기도,남양주시,양정동,37.60533,127.19364
K,덕소,경기도 남양주시 와부읍 덕소리,경기도,남양주시,와부읍,37.586781,127.208832
K,팔당,경기도 남양주시 와부읍 팔당리,경기도,남양주시,와부읍,37.547371,127.243939
K,운길산,경기도 남양주시 조안면 진중리,경기도,남양주시,조안면,37.554669,127.310115
K,아신,경기도 양평군 옥천면 아신리,경기도,양평군,옥천면,37.51382,127.443173
K,오빈,경기도 양평군 양평읍 오빈리,경기도,양평군,양평읍,37.506062,127.473868
K,용문,경기도 양평군 용문면 다문리?,경기도,양평군,용문면,37.48223,127.594647
K,대곡,경기도 고양시 덕양구 대장동,경기도,고양시 덕양구,대장동,37.631626,126.811024
K,신촌(경의중앙선),서울특별시 서대문구 신촌동,서울특별시,서대문구,신촌동,37.559783,126.942319
K,공덕,서울특별시 마포구 공덕동,서울특별시,마포구,공덕동,37.544018,126.951592
K,서강대,서울특별시 마포구 노고산동,서울특별시,마포구,노고산동,37.551881,126.935711
K,가좌,서울특별시 서대문구 남가좌동,서울특별시,서대문구,남가좌동,37.568491,126.915487
K,디지털미디어시티,서울특별시 은평구 수색동 ,서울특별시,은평구,수색동,37.576646,126.900984
K,화전,경기도 고양시 덕양구 화전동,경기도,고양시 덕양구 ,화전동,37.602888,126.868387
K,행신,경기도 고양시 덕양구 행신동 ,경기도,고양시 덕양구 ,행신동,37.612102,126.834146
K,곡산,경기도 고양시 일산동구 백석동 ,경기도,고양시 일산동구,백석동,37.645676,126.801762
K,백마,경기도 고양시 일산동구 백석동 ,경기도,고양시 일산동구,백석동,37.658239,126.794461
K,강매,경기도 고양시 덕양구 행신동,경기도,고양시 덕양구 ,행신동,37.612314,126.843223
K,신원,경기도 양평군 양서면 신원리,경기도,양평군,양서면,37.525545,127.372921
K,양평(경의중앙선),경기도 양평군 양평읍 양근리,경기도,양평군,양평읍,37.492832,127.491814
K,효창공원앞,서울특별시 용산구 효창동,서울특별시,용산구,효창동,37.539261,126.961351
K,지평,경기도 양평군 지평면,경기도,양평군,지평면,,
K,야당,경기도 파주시 야당동,경기도,파주시,야당동,37.712327,126.761356
K,옥수,서울특별시 성동구 옥수동,서울특별시,성동구,옥수동,37.540685,127.017965
K,청량리,서울특별시 동대문구 전농동?,서울특별시,동대문구,전농동?,37.580178,127.046835
K,망우,서울특별시 중랑구 상봉1동,서울특별시,중랑구,상봉1동,37.59955,127.091909
K,도농,경기도 남양주시 다산동?,경기도,남양주시,다산동?,37.608806,127.161153
K,도심,경기도 남양주시 와부읍 도곡리,경기도,남양주시,와부읍,37.579622,127.222672
K,양수,경기도 양평군 양서면 용담리,경기도,양평군,양서면,37.545981,127.329098
K,국수,경기도 양평군 양서면 국수리,경기도,양평군,양서면,37.516169,127.399367
K,원덕,경기도 양평군 양평읍 원덕리,경기도,양평군,양평읍,37.468672,127.547076
K,서울(경의중앙선),서울특별시 용산구 동자동,서울특별시,용산구,동자동,37.556328,126.969522
K,홍대입구,서울특별시 마포구 동교동,서울특별시,마포구,동교동,37.557192,126.925381
K,수색,서울특별시 은평구 수색동,서울특별시,은평구,수색동,37.580842,126.895611
K,능곡,경기도 고양시 덕양구 토당동,경기도,고양시 덕양구,토당동,37.618808,126.820783
K,풍산,경기도 고양시 일산동구 풍동,경기도,고양시 일산동구,풍동,37.672346,126.786243
K,운정,경기도 파주시 야당동,경기도,파주시,야당동,37.725826,126.767257
K,월롱,경기도 파주시 월롱면 위전리,경기도,파주시,월롱면,37.796188,126.792587
K,용산,서울특별시 용산구 한강로3가,서울특별시,용산구,한강로3가,37.529849,126.964561
KK,판교,경기도 성남시 분당구 백현동?,경기도,성남시 분당구,백현동,37.394761,127.111217
KK,이매,경기도 성남시 분당구 이매동,경기도,성남시 분당구,이매동,37.396104,127.12827
KK,삼동,경기도 광주시 광남동,경기도,광주시,광남동,37.409522,127.20336
KK,경기광주,경기도 광주시 경안동,경기도,광주시,경안동,37.399907,127.25263
KK,초월,경기도 광주시 초월읍 쌍동리,경기도,광주시 ,초월읍,37.374419,127.299
KK,곤지암,경기도 광주시 곤지암읍,경기도,광주시,곤지암읍,37.351315,127.34674
KK,신둔도예촌,경기도 이천시 신둔면 남정리,경기도,이천시,신둔면,37.317185,127.40476
KK,이천,경기도 이천시 율현동?,경기도,이천시,율현동?,37.265579,127.44226
KK,부발,경기도 이천시 부발읍 아미리?,경기도,이천시,부발읍,37.260192,127.490277
KK,세종대왕릉,경기도 여주시 능서면 신지리,경기도,여주시,능서면,37.295309,127.570938
KK,여주,경기도 여주시 교동,경기도,여주시,교동,,
S,강남,서울특별시 강남구 역삼동,서울특별시,강남구,역삼동,37.497175,127.027926
S,양재,서울특별시 서초구 서초동,서울특별시,서초구,서초동,37.484147,127.034631
S,판교,경기도 성남시 분당구 백현동?,경기도,성남시 분당구,백현동,37.394761,127.111217
S,정자,경기도 성남시 분당구 정자동,경기도,성남시 분당구,정자동,37.36706,127.108105
S,양재시민의숲,서울특별시 서초구 양재동?,서울특별시,서초구,양재동,37.470023,127.03842
S,동천,경기도 용인시 수지구 동천동,경기도,용인시 수지구,동천동,37.337928,127.102976
S,수지구청,경기도 용인시 수지구 풍덕천동?,경기도,용인시 수지구,풍덕천동,37.322702,127.095026
S,성복,경기도 용인시 수지구 성복동,경기도,용인시 수지구,성북동,37.313335,127.0801
S,상현,경기도 용인시 수지구 상현동,경기도,용인시 수지구,상현동,37.297664,127.069342
S,광교중앙,경기도 수원시 원천동,경기도,수원시,원천동,37.288617,127.051478
S,광교,경기도 수원시 영통구 이의동,경기도,수원시 영통구,이의동,37.30211,127.044483
S,청계산입구,서울특별시 서초구 신원동?,서울특별시,서초구,신원동?,37.447211,127.055664
SU,월곶,경기도 시흥시 월곶동,경기도,시흥시,월곶동,37.391769,126.742699
SU,소래포구,인천광역시 남동구 논현동,인천광역시,남동구,논현동,37.40095,126.733522
SU,인천논현,인천광역시 남동구 논현동,인천광역시,남동구,논현동,37.400614,126.722478
SU,남동인더스파크,인천광역시 남동구 고잔동,인천광역시,남동구,고잔동,37.407722,126.695216
SU,원인재,인천광역시 연수구 연수동,인천광역시,연수구,연수동,37.412603,126.687389
SU,연수,인천광역시 연수구 연수동,인천광역시,연수구,연수동,37.417804,126.67894
SU,오이도,경기도 시흥시 정왕동,경기도,시흥시,정왕동,37.362357,126.738714
SU,달월,경기도 시흥시 월곶동,경기도,시흥시,월곶동,37.379681,126.745177
SU,호구포,인천광역시 남동구 논현동,인천광역시,남동구,논현동,37.401637,126.708627
SU,송도,인천광역시 연수구 옥련동,인천광역시,연수구,옥련동,37.428514,126.657772
SU,인하대,인천광역시 미추홀구 용현동?,인천광역시,미추홀구,용현동?,37.448493,126.649619
SU,숭의,인천광역시 미추홀구 용현동,인천광역시,미추홀구,용현동,37.460789,126.638297
SU,신포,인천광역시 중구 사동,인천광역시,중구,사동,37.46874,126.623853
SU,인천,인천광역시 중구 북성동1가,인천광역시,중구,북성동1가,37.476691,126.616936
U,발곡,경기도 의정부시 신곡동,경기도,의정부시,신곡동,37.727048,127.052803
U,회룡,경기도 의정부시 호원동?,경기도,의정부시,호원동?,37.724846,127.046895
U,범골,경기도 의정부시 호원2동,경기도,의정부시,호원2동,37.728755,127.04353
U,경전철의정부,경기도 의정부시 의정부2동,경기도,의정부시,의정부2동,37.737202,127.043257
U,의정부시청,경기도 의정부시 의정부2동,경기도,의정부시,의정부2동,37.739256,127.034781
U,흥선,경기도 의정부시 가능동,경기도,의정부시,가능동,37.743302,127.037023
U,의정부중앙,경기도 의정부시 의정부1동,경기도,의정부시,의정부1동,37.743676,127.049565
U,동오,경기도 의정부시 신곡동,경기도,의정부시,신곡동,37.745271,127.056947
U,새말,경기도 의정부시 신곡동,경기도,의정부시,신곡동,37.748885,127.06362
U,효자,경기도 의정부시 신곡동,경기도,의정부시,신곡동,37.754025,127.076902
U,곤제,경기도 의정부시 용현동,경기도,의정부시,용현동,37.750471,127.083715
U,어룡,경기도 의정부시 용현동,경기도,의정부시,용현동,37.742802,127.085035
U,탑석,경기도 의정부시 용현동,경기도,의정부시,용현동,37.733579,127.088704
U,경기도청북부청사,경기도 의정부시 신곡동,경기도,의정부시,신곡동,37.75059,127.071495
U,송산,경기도 의정부시 용현동,경기도,의정부시,용현동,37.737279,127.087159
UI,북한산우이,서울특별시 강북구 우이동,서울특별시,강북구,우이동,,
UI,솔밭공원,서울특별시 도봉구 쌍문1동,서울특별시,도봉구,쌍문1동,,
UI,419민주묘지,서울특별시 강북구 수유동,서울특별시,강북구,수유동,,
UI,가오리,서울특별시 강북구 수유2동,서울특별시,강북구,수유2동,,
UI,화계,서울특별시 강북구 수유1동,서울특별시,강북구,수유1동,,
UI,삼양,서울특별시 강북구 미아동,서울특별시,강북구,미아동,,
UI,삼양사거리,서울특별시 강북구 미아동,서울특별시,강북구,미아동,,
UI,솔샘,서울특별시 강북구 미아동,서울특별시,강북구,미아동,,
UI,북한산보국문,서울특별시 성북구 정릉4동,서울특별시,성북구,정릉4동,,
UI,정릉,서울특별시 성북구 정릉1동,서울특별시,성북구,정릉1동,,
UI,성신여대입구,서울특별시 성북구 동선동4가,서울특별시,성북구,동선동4가,37.592624,127.016403
UI,보문,서울특별시 성북구 보문동1가,서울특별시,성북구,보문동1가,37.585286,127.019381
UI,신설동,서울특별시 동대문구 신설동,서울특별시,동대문구,신설동,37.575297,127.025087
A,청라국제도시,인천광역시 서구 에코로 163 경서동,인천광역시,서구,경서동,37.555878,126.625327
A,김포공항,서울특별시 강서구 하늘길 지하 77 방화동,서울특별시,강서구,방화동,37.562434,126.801058
A,검암,인천광역시 서구 검바위로 26  검암동,인천광역시,서구,검암동,37.569104,126.673728
A,운서,인천광역시 중구 흰바위로59번길 26 운서동,인천광역시,중구,운서동,37.492904,126.49379
A,인천국제공항,인천광역시 중구 공항로 271 운서동,인천광역시,중구,운서동,37.447464,126.452508
A,공덕,서울특별시 마포구 마포대로 지하 92 도화동,서울특별시,마포구,도화동,37.544018,126.951592
A,계양,인천광역시 계양구 다남로 24 귤현동,인천광역시,계양구,귤현동,37.571462,126.735637
A,공항화물청사,인천광역시 중구 공항동로135번길 86 운서동,인천광역시,중구,운서동,37.458366,126.476241
A,영종,인천광역시 중구 백운로414번길 75 운복동,인천광역시,중구,운복동,37.511466,126.5237
A,디지털미디어시티,서울특별시 마포구 성암로 지하 184 상암동,서울특별시,마포구,상암동,37.576646,126.900984

